qiita.com,890
zenn.dev,100
note.com,75
dev.classmethod.jp,60
medium.com,28
www.wazaterm.com,25
fereria.github.io,18
shinodogg.com,17
aws.amazon.com,14
amidaike.hatenablog.com,11
community.looker.com,9
www.getshifter.io,9
cloudii.jp,8
wp-kyoto.net,6
remoneko.life,5
yasutomo.hatenablog.com,5
blog.kaburk.com,4
devblog.thebase.in,4
taiponrock.medium.com,4
www.acquia.com,4
blog.a-know.me,3
cloud.flect.co.jp,3
dlanggraphics.blogspot.com,3
hugtech.io,3
ikatnek.blogspot.com,3
live.nicovideo.jp,3
magazine.basercms.net,3
support.borndigital.co.jp,3
tech-coyote.com,3
tech.fusic.co.jp,3
tsubo.ec-cube.net,3
upura.hatenablog.com,3
www.cdatablog.jp,3
www.ceccs.co.jp,3
youtu.be,3
bit.ly,2
blog.cloudnative.co.jp,2
blog.irologue.com,2
blog.microcms.io,2
blog.plasticdreams.org,2
blog.tacck.net,2
blog.tatsuroh.com,2
blog.watilde.com,2
blog.ymcloud.jp,2
blogs.itmedia.co.jp,2
cloud-ace.jp,2
cloud-aws-gcp.hateblo.jp,2
dotnsf.blog.jp,2
github.com,2
gomiba.co,2
hanakuso365.hatenablog.com,2
kiririmode.hatenablog.jp,2
labworks.digitalcube.jp,2
marshal115.hatenablog.com,2
nomurabbit.hatenablog.jp,2
pasokon.blog,2
polar3130.hatenablog.com,2
potara.net,2
shimakaze.hatenablog.com,2
swfz.hatenablog.com,2
takayuki.hagihara.tokyo,2
tech.aainc.co.jp,2
tech.yappli.io,2
techblog.yahoo.co.jp,2
unpyside.com,2
www.1ft-seabass.jp,2
www.kickbase.net,2
www.octoparse.jp,2
www.spreadworks.co.jp,2
www.white-root.com,2
y-ohgi.blog,2
yoku0825.blogspot.com,2
69bird.jp,1
a-zumi.net,1
aajisaka.hatenablog.com,1
agari.notion.site,1
ameblo.jp,1
app.box.com,1
aru47.hatenablog.com,1
autifyhq.notion.site,1
ayutsuki.net,1
basercms.net,1
beginners.shifter.community,1
blog.cloud-partner.jp,1
blog.gti.jp,1
blog.inductor.me,1
blog.k4133.tech,1
blog.minoru.dev,1
blog.owlcode.net,1
blog.photosynthesic.jp,1
blog.ravinetree.dev,1
blog.retlat.dev,1
blog.sunl.jp,1
blog.taktak.dev,1
blog.ttk1.net,1
bulbulpaul.com,1
businesschatmaster.com,1
catchup.co.jp,1
chienomi.org,1
coelacanth.jp.net,1
datumstudio.jp,1
dev.to,1
developer.feedforce.jp,1
developers.gmo.jp,1
diglateam3.com,1
eccube.hatenablog.com,1
ehrenfest.com,1
encourage-toukadai.com,1
engineering.dena.com,1
flali.hatenablog.com,1
foolslab.net,1
fossamagna.github.io,1
freeblog.rspnet.jp,1
freedom-tech.hatenablog.com,1
fullenergy.co.jp,1
gengo-k.hatenablog.com,1
gist.github.com,1
gyori.hatenablog.com,1
hatsuboshi.com,1
heyyocg.com,1
hi1280.hatenablog.com,1
hikko-shifter.help,1
htnosm.hatenablog.com,1
hyodoblog.com,1
iwasatat.com,1
j-kei.net,1
josql.hatenablog.com,1
kakehashi-dev.hatenablog.com,1
kaki-engine.com,1
kashionki38.hatenablog.com,1
keijiito.com,1
kennymadeinthailand.hatenablog.com,1
kijitora-2018.hatenablog.com,1
kk-cg.net,1
knopp.hatenablog.jp,1
kutohonn.hatenablog.com,1
lab.mo-t.com,1
lealog.hateblo.jp,1
level69.net,1
linux.wwing.net,1
mamelogy.com,1
minamin96.hatenablog.com,1
msjbinc.blogspot.com,1
naotaka1128.hatenadiary.jp,1
narikakun.net,1
natsuyo.net,1
necco.co,1
nomoreretake.net,1
nonbiri-tereka.hatenablog.com,1
nullnode.wixsite.com,1
o-labo.info,1
o-tsubo.medium.com,1
onigirihauma.hatenablog.com,1
oregin-ai.hatenablog.com,1
papemk2.hateblo.jp,1
pleasanter.hatenablog.jp,1
pop-ketle.hatenablog.com,1
portablecode.info,1
private.hibou-web.com,1
redhologerbera.hatenablog.com,1
rio.st,1
riririusei99.hatenadiary.jp,1
scrapbox.io,1
sfblog.markhammer.net,1
sfujiwara.hatenablog.com,1
shinyorke.hatenablog.com,1
shop-0761.hatenablog.com,1
sinchir0.hatenablog.com,1
smrmkt.hatenablog.jp,1
snow-monkey.2inc.org,1
softbrain.medium.com,1
sourire-web-studio.com,1
ssabcire.hatenablog.com,1
stilldayone.hatenablog.jp,1
sugi-iggy.blogspot.com,1
suzuri.jp,1
syossan.hateblo.jp,1
t0rry.hatenablog.com,1
taiga.hatenadiary.com,1
takkyu.net,1
tana-techlog.net,1
tanitta.hatenablog.com,1
taro-masuda.hatenablog.com,1
tech.emotion-tech.co.jp,1
tech.robotpayment.co.jp,1
tech.uzabase.com,1
techblog.gaudiy.com,1
techblog.istyle.co.jp,1
techblog.kayac.com,1
teyoblog.hatenablog.com,1
tm8r.hateblo.jp,1
tomoima525.hatenablog.com,1
twitter.com,1
ubansi.com,1
updraft.hatenadiary.com,1
urgm.hatenablog.com,1
utautattaro.blog,1
wakumoku.com,1
www.accelia.net,1
www.akvabit.jp,1
www.figma.com,1
www.gixo.jp,1
www.gorou.style,1
www.keisuke69.net,1
www.kwm.co.jp,1
www.lambdasawa.me,1
www.mapbox.jp,1
www.memory-lovers.blog,1
www.nakamurakko.com,1
www.niandc.co.jp,1
www.ryusou.dev,1
www.vektor-inc.co.jp,1
www.webpla.jp,1
www.yasuhisay.info,1
www.yokoyan.net,1
ymmooot.dev,1
yuinopcworkshop.livedoor.blog,1
yuki-private.kibe.la,1
yutori-shine.com,1