qiita.com,178
zenn.dev,19
hackmd.io,8
gotutiyan.hatenablog.com,5
symbolblog.com,5
medium.com,4
physnakajima.html.xdomain.jp,4
blueqat.com,3
jijtech.hatenablog.com,2
neutron63zf.hatenablog.com,2
spotlight.soy,2
abo-junghichi.hatenablog.jp,1
adharam.github.io,1
amane-uehara.github.io,1
eskaylog.com,1
github-nakasho.github.io,1
github.com,1
kerneltribe.co.jp,1
lealgorithm.blogspot.com,1
manao55.hatenablog.com,1
masahiro-kaneko.com,1
masateruk.hatenablog.com,1
nanay-desu.hatenablog.com,1
nemlog.nem.social,1
note.com,1
ocadaruma.hatenablog.com,1
powercmsx.jp,1
s-shimotori.hatenablog.com,1
shuhoyo.hatenablog.com,1
srad.jp,1
techmedia-think.hatenablog.com,1
technow.grayrecord.com,1
trsasasusu.com,1
ushitora.net,1
www.asj.or.jp,1
www.forcia.com,1
www.octoparse.jp,1
www.researchgate.net,1