qiita.com,129
zenn.dev,41
note.com,4
blog.dalt.me,2
flutter.salon,2
webneko.dev,2
akkeylab.com,1
ameblo.jp,1
at-sushi.work,1
bamboo-hero.com,1
blog.ch3cooh.jp,1
blog.mochicorp.com,1
blog.rotek.xyz,1
cch-robo.github.io,1
creators.videomarket.co.jp,1
developers.kankak.com,1
docs.google.com,1
goodpatch-tech.hatenablog.com,1
iganin.hatenablog.com,1
kawa.dev,1
kmcos.net,1
kumaskun.hatenablog.com,1
medium.com,1
mono0926.medium.com,1
pokuwagata.hatenablog.com,1
star-zero.medium.com,1
tafuji.hatenablog.com,1
tech.207-inc.com,1
tech.asken.inc,1
tech.connehito.com,1
welchizm.medium.com,1
www.kamo-it.org,1
www.wantedly.com,1
yamacraft.github.io,1
yanamura.hatenablog.com,1