qiita.com,714
zenn.dev,160
nanto.asablo.jp,36
secret-garden.hatenablog.com,26
devblog.onpu-tamago.net,25
twitter.com,11
flat-leon.hatenablog.com,9
note.com,9
scrapbox.io,8
github.com,7
kentapt.hatenablog.com,7
www.ichigojaman.jp,7
nakagami.blog.ss-blog.jp,6
medium.com,4
shogo82148.github.io,4
aquasoftware.net,3
keens.github.io,3
note.nkmk.me,3
onihusube.hatenablog.com,3
t-sin.github.io,3
udzura.hatenablog.jp,3
www.utakata.work,3
b1ueflag.com,2
blog.atusy.net,2
blog.j5ik2o.me,2
blog.takehata-engineer.com,2
deltam.blogspot.com,2
gist.github.com,2
hkoba.github.io,2
kazu-yamamoto.hatenablog.jp,2
kentutorialbook.github.io,2
matsubara0507.github.io,2
sandfishfactory.hatenablog.com,2
srz-zumix.blogspot.com,2
tech.quartetcom.co.jp,2
tech.yappli.io,2
wafuwafu13.hatenadiary.com,2
www.anarchive-beta.com,2
www.m3tech.blog,2
y-mattu.hatenablog.com,2
ymotongpoo.hatenablog.com,2
yoku0825.blogspot.com,2
aakira.app,1
anatofuz.hatenablog.com,1
at-sushi.work,1
atelierarith.github.io,1
becolomochi.hatenablog.com,1
bleis-tift.hatenablog.com,1
blog-dry.com,1
blog.goo.ne.jp,1
blog.hanhans.net,1
blog.leko.jp,1
blog.miz-ar.info,1
blog.neno.dev,1
blog.ohr486.net,1
blog.potproject.net,1
blog.starbug1.com,1
blog.sushi.money,1
blog.tmtms.net,1
blog.tokumaru.org,1
blog.utgw.net,1
blog.valerauko.net,1
blog.yagipy.me,1
blog.yucchiy.com,1
budougumi0617.github.io,1
bufferings.hatenablog.com,1
c4se.hatenablog.com,1
chanyou.hatenablog.jp,1
coe401.hatenablog.com,1
colloidgel.hatenablog.com,1
continue-jump.co.jp,1
creators-note.chatwork.com,1
cycle1300ss.blogspot.com,1
d.nishimotz.com,1
daikikatsuragawa.hatenablog.com,1
dev.to,1
dman.wants.pet,1
doubtpad.hatenablog.com,1
ema-hiro.hatenablog.com,1
feneshi.co,1
flast.hateblo.jp,1
freedom-tech.hatenablog.com,1
fuga-ch85.hatenablog.com,1
fukuno.jig.jp,1
fumieval.hatenablog.com,1
fushagoya.com,1
future-architect.github.io,1
gamelinks007.hatenablog.com,1
gitpress.io,1
h-sao.com,1
haskell.jp,1
hibi221b.dev,1
highfivecreate.com,1
hr-sano.net,1
huideyeren.info,1
igarashikuniaki.net,1
igjit.github.io,1
ikorin2.hatenablog.jp,1
illumination-k.dev,1
imaizumimr.hatenablog.com,1
in-neuro.hatenablog.com,1
japelin.hatenablog.com,1
jinroq.hatenablog.jp,1
jollyjoester.hatenablog.com,1
junchang1031.hatenablog.com,1
k0kubun.hatenablog.com,1
k2ss.info,1
karita.xyz,1
kazeburo.hatenablog.com,1
kenoss.github.io,1
kfly8.hatenablog.com,1
kodachan.hatenablog.com,1
lpha-z.hatenablog.com,1
mackee.hatenablog.com,1
marui.hatenablog.com,1
matsu7874.hatenablog.com,1
mitaka.club,1
miyahara.hikaru.dev,1
mizzsugar.hatenablog.com,1
morikuni.dev,1
mp0liiu.hatenablog.com,1
mrkn.hatenablog.com,1
mslgt.hatenablog.com,1
mzryuka.hatenablog.jp,1
nacl-ltd.github.io,1
naoto0822.medium.com,1
neue.cc,1
newapplesho.medium.com,1
nikkie-ftnext.hatenablog.com,1
nobunobu1717.site,1
notchained.hatenablog.com,1
notfounds.hatenablog.com,1
nymphium.github.io,1
okuramasafumi.hatenablog.jp,1
ooooooo.hatenablog.com,1
papix.hatenablog.com,1
peacock0803sz.hatenablog.jp,1
pod.hatenablog.com,1
pyconjp.blogspot.com,1
ryuichi1208.hateblo.jp,1
s-shimotori.hatenablog.com,1
shimane.monstar-lab.com,1
shinkufencer.hateblo.jp,1
shinyorke.hatenablog.com,1
shisama.hatenablog.com,1
shishi.hatenablog.jp,1
socinuit.hatenablog.com,1
somachob.com,1
songmu.jp,1
spacekey.dev,1
speakerdeck.com,1
studist.tech,1
takatorix.hatenablog.com,1
takkyu.net,1
tanishiking24.hatenablog.com,1
tech.bitbank.cc,1
tech.blog.aerie.jp,1
tech.buty4649.net,1
tech.buysell-technologies.com,1
tech.fusic.co.jp,1
tech.guitarrapc.com,1
tech.macloud.jp,1
tech.mobilefactory.jp,1
thinksoft.sblo.jp,1
tkzwhr.hatenablog.com,1
tokuchan3515.hatenablog.com,1
tomato3713.hatenablog.com,1
tomo-wait-for-it-yuki.hatenablog.com,1
toranoana-lab.hatenablog.com,1
underbirdworks.blogspot.com,1
ushitora.net,1
vraisamis.hatenadiary.jp,1
www.ason.as,1
www.beeete2.com,1
www.eznavi.net,1
www.granddaifuku.com,1
www.kbaba1001.com,1
www.mizdra.net,1
www.mum-meblog.com,1
www.wantedly.com,1
xkenshirou.hatenablog.com,1
yanomy.hatenablog.com,1
yooce.hatenablog.com,1
yosuke-furukawa.hatenablog.com,1
ytakano.hatenablog.com,1
yu1056y.hatenablog.com,1
yusukebe.com,1
yyh-gl.github.io,1
yyyank.blogspot.com,1