qiita.com,332
keisanki.at.webry.info,25
zenn.dev,22
akerun.hateblo.jp,12
blog.enebular.com,11
note.com,7
redhologerbera.hatenablog.com,7
www.1ft-seabass.jp,7
lipoyang.hatenablog.com,4
asukiaaa.blogspot.com,3
microcraft.blog.fc2.com,3
ume-boshi.hatenablog.jp,3
elchika.com,2
github.com,2
keitetsu.blogspot.com,2
pgate1.at-ninja.jp,2
supernove.hatenadiary.jp,2
tmanda.hatenablog.com,2
uepon.hatenadiary.com,2
youtu.be,2
ag-48.hatenablog.com,1
anysonica.wixsite.com,1
azuzuzu.hatenablog.com,1
blog.braveridge.com,1
blog.tacck.net,1
blog.vcborn.com,1
c9katayama.hatenablog.com,1
cra2ypierr0t.hatenablog.jp,1
engineers.safie.link,1
fluorite36.hatenablog.com,1
gadgewota.com,1
hr-sano.net,1
hugtech.io,1
iot-gym.com,1
kizawa.info,1
ko2a.hatenablog.com,1
log.niccol.li,1
medium.com,1
meganetaaan.jp,1
miho-diary.hatenablog.com,1
nas-tech.hatenadiary.com,1
nomurabbit.hatenablog.jp,1
raspberrypi.mongonta.com,1
relativelayout.hatenablog.com,1
rockhack-design.hatenablog.com,1
sedu.link,1
siroitori.hatenablog.com,1
smartlight.co.jp,1
spresense.livedoor.blog,1
t-takeda.hatenablog.com,1
tech.fusic.co.jp,1
toriten1024.hatenablog.com,1
www.facebook.com,1
www.tech-diningyo.info,1
yo-to.hatenablog.com,1