qiita.com,454
zenn.dev,90
yooce.hatenablog.com,25
ja.quarkus.io,23
gunmagisgeek.com,21
github.com,16
tech.quartetcom.co.jp,14
www.cdatablog.jp,9
blog.ttskch.com,8
dev.to,8
note.com,7
scrapbox.io,6
atsushieno.hatenablog.com,4
joker1007.hatenablog.com,4
ryu22e.org,4
freedom-tech.hatenablog.com,3
medium.com,3
nomurabbit.hatenablog.jp,3
webneko.dev,3
blog.webgoto.net,2
effect.hatenablog.com,2
k2ss.info,2
midoriit.com,2
pafuhana1213.hatenablog.com,2
polidog.jp,2
shinichy.hatenablog.com,2
studyworks.hatenablog.com,2
temoshiblog.com,2
wp-kyoto.net,2
www.hakobuneworks.com,2
www.popii33.com,2
www.rochefort.dev,2
xrdnk.hateblo.jp,2
akiyoko.hatenablog.jp,1
am1tanaka.hatenablog.com,1
argonauts.hatenablog.jp,1
asano11ji.fanbox.cc,1
blog.cnu.jp,1
blog.eqseqs.work,1
blog.hatena.ne.jp,1
blog.hirokiky.org,1
chanshige.hatenablog.com,1
coposuke.hateblo.jp,1
dev.classmethod.jp,1
docs.google.com,1
drive.google.com,1
edom18.hateblo.jp,1
engineering.otobank.co.jp,1
gam0022.net,1
heyyocg.com,1
hogetatu.hatenablog.com,1
hoshinotsuyoshi.com,1
iloverisusan.tumblr.com,1
jackpot-lab.hateblo.jp,1
jp.deconbatch.com,1
jumpaku.hatenablog.com,1
kamatimaru.hatenablog.com,1
kanianthi.hateblo.jp,1
kasaharu.hatenablog.com,1
kic-yuuki.hatenablog.com,1
kinnaji.com,1
koredana.info,1
kubotak.page,1
lacolaco.hatenablog.com,1
lifewood.hatenablog.com,1
lospec.com,1
massa8080.hatenablog.com,1
memoteki.net,1
monsho.hatenablog.com,1
myudon.hatenablog.com,1
nicious.net,1
okuramasafumi.hatenablog.jp,1
panda-program.com,1
pr-preview-437-ja-quarkusio.surge.sh,1
raspberly.hateblo.jp,1
ryunika.com,1
shibuya01055.hatenablog.com,1
shiratori1221.hatenablog.com,1
shirokurohitsuji.studio,1
shotanukumizu-1000.hatenablog.com,1
sinyblog.com,1
sites.google.com,1
smellman.hatenablog.com,1
someiyoshino.info,1
sonomirai.hatenablog.com,1
speakerdeck.com,1
sunatibe.com,1
swfz.hatenablog.com,1
tasuya.hatenablog.com,1
tech-blog.optim.co.jp,1
tech.crassone.jp,1
techblog.roxx.co.jp,1
techtekt.persol-career.co.jp,1
ten0313.hateblo.jp,1
the-board.jp,1
tips.hecomi.com,1
togetter.com,1
torakitikiddo.blog.fc2.com,1
tyawandanigame009.wixsite.com,1
ueblog.futuresoftware.dev,1
unlimited-games.hatenablog.com,1
unrealengine.hatenablog.com,1
utokusa.hatenablog.com,1
veniegames.com,1
wakanya.hatenablog.com,1
www.fanbox.cc,1
www.mattari-benkyo-note.com,1
www.midnightunity.net,1
www.utakata.work,1
www.youtalk.jp,1
youtu.be,1
yukuro.hatenablog.com,1