qiita.com,248
zenn.dev,49
ik.am,11
note.com,9
www.opensourcetech.tokyo,9
dev.classmethod.jp,8
kkamegawa.hatenablog.jp,5
rheb.hatenablog.com,5
spelldata.co.jp,5
bufferings.hatenablog.com,3
nihonbuson.hatenadiary.jp,3
blog.nohana.co.jp,2
jaco.udcp.info,2
k2ss.info,2
kokotatata.hatenablog.com,2
kwknkk.hatenablog.com,2
techblog.kayac.com,2
underscore42rina.hatenablog.com,2
usage-automate.hatenablog.com,2
wtatsuru.hatenadiary.com,2
www.gitlab.jp,2
allabout-tech.hatenablog.com,1
amsy810.hateblo.jp,1
azukipochette.hatenablog.com,1
bake0937.hatenablog.com,1
bells17.medium.com,1
blog.a-know.me,1
blog.chaspy.me,1
blog.hatena.ne.jp,1
blog.inductor.me,1
blog.kengo-toda.jp,1
blog.nextscape.net,1
blog.song.mu,1
blog.uzumaki-inc.jp,1
c4se.hatenablog.com,1
chariosan.com,1
chris4403.hateblo.jp,1
cloud.ebisuda.com,1
creators.oisix.co.jp,1
devtest.hatenablog.com,1
endy-tech.hatenablog.jp,1
gktechblog.com,1
goyoki.hatenablog.com,1
gremito.hateblo.jp,1
hanatsuu.medium.com,1
hitomikt.hatenablog.com,1
hktngch.hatenablog.com,1
i-beam.org,1
imokuri123.com,1
inokara.hateblo.jp,1
jappy.hatenablog.com,1
kazeburo.hatenablog.com,1
korosuke613.hatenablog.com,1
mackerel.io,1
makocchi.medium.com,1
masatakashiwagi.github.io,1
mitomito.hatenablog.jp,1
nanotube.hatenablog.com,1
nikuyoshi.hatenablog.com,1
nishipy.com,1
nkako.hatenablog.com,1
not-rogue.hatenablog.com,1
omni-jp.github.io,1
qualab.jp,1
ryuichi1208.hateblo.jp,1
sky-joker.tech,1
speakerdeck.com,1
speeddata.jp,1
sreake.com,1
srz-zumix.blogspot.com,1
stefafafan.hatenablog.com,1
susisu.hatenablog.com,1
syu-m-5151.hatenablog.com,1
t4i5uke.github.io,1
takemikami.com,1
tech.anti-pattern.co.jp,1
tech.asken.inc,1
tekunabe.hatenablog.jp,1
test-hack.com,1
testerchan.hatenadiary.com,1
text.superbrothers.dev,1
toshimana.hatenablog.com,1
tshu1.jp,1
tsuna-can.hateblo.jp,1
tukaelu.hatenablog.jp,1
updraft.hatenadiary.com,1
vm.gowatana.jp,1
www.bokukoko.info,1
www.clear-code.com,1
www.creationline.com,1
www.forcia.com,1
www.kaitoy.xyz,1
yoshitake-1201.hatenablog.com,1
zuntan02.hateblo.jp,1