qiita.com,241
zenn.dev,7
note.com,5
dimeiza.hatenablog.com,3
www.twilio.com,2
amaisaeta.seesaa.net,1
blog.zzzmisa.com,1
chanhama0522.hatenablog.com,1
dev.classmethod.jp,1
developers.freee.co.jp,1
gadgewota.com,1
hirosaji.hatenablog.com,1
ikorin2.hatenablog.jp,1
kumaruneru.com,1
mitomito.hatenablog.jp,1
neue.cc,1
ogulab.com,1
oita.oika.me,1
ryunika.com,1
s51517765.hatenadiary.jp,1
sakaijun.blog.jp,1
sqlazure.jp,1
takeshi.furusato.blog,1
tokuty.hatenablog.com,1
ume-boshi.hatenablog.jp,1
www.bokukoko.info,1
www.facebook.com,1
www.youtube.com,1
youtu.be,1
yu-suzu.site,1