qiita.com,158
zenn.dev,41
note.com,35
yusuke-futamura.com,9
amijat.work,3
home-brewers.jp,3
takano.hatenablog.jp,3
www.cdatablog.jp,3
blog.geolonia.com,2
googleanalytics-laboratory.com,2
next-com.biz,2
sem-technology.info,2
analytics.hatenadiary.com,1
blog.moongift.co.jp,1
blog.muraweb.net,1
blog.sbfm.jp,1
blog.y-temp4.com,1
cinci.jp,1
d.s01.ninja,1
dandanshark.com,1
digitalanalyst.asia,1
freedom-tech.hatenablog.com,1
geo80k.hatenablog.com,1
hahaeatora.hateblo.jp,1
hiraokakenichi.com,1
ischool.co.jp,1
mana-biz.com,1
mekiku.com,1
mundivagantblog.wordpress.com,1
nanto.asablo.jp,1
plex.hatenablog.jp,1
ritou.hatenablog.com,1
shinichi.blog,1
smellman.hatenablog.com,1
tech.sakih.net,1
www.baka-ke.com,1
www.ismhub.com,1
www.ka-net.org,1
www.octoparse.jp,1
www.sharplab.net,1
www.uneidou.com,1
www.valtes-mt.co.jp,1
www.webpla.jp,1