qiita.com,3398
note.com,403
zenn.dev,220
medium.com,79
tech.excite.co.jp,35
www.wantedly.com,33
techblog.istyle.co.jp,27
dev.classmethod.jp,25
azure-recipe.kc-cloud.jp,24
cloudandbuild.jp,24
eng-blog.iij.ad.jp,24
inside.dmm.com,24
photoruction-tech-blog.hatenablog.com,24
tech.griphone.co.jp,24
tech.isid.co.jp,24
tech.raksul.com,24
techblog.yahoo.co.jp,24
toranoana-lab.hatenablog.com,24
www.m3tech.blog,24
tech.buysell-technologies.com,23
techblog.kayac.com,23
times.hrbrain.co.jp,23
tec.tecotec.co.jp,22
tech.techtouch.jp,22
tech.enigmo.co.jp,21
dev.icare.jpn.com,20
techblog.gmo-ap.jp,20
blog.nextscape.net,19
tech.aptpod.co.jp,18
engineering.meetsmore.com,17
creators-note.chatwork.com,15
synamon.hatenablog.com,15
tech-blog.voicy.jp,15
tech-blog.yayoi-kk.co.jp,15
buto-dev-null.hatenablog.com,14
tech.prog-8.com,14
goodpatch-tech.hatenablog.com,13
inside.estie.co.jp,13
d.zinrai.net,12
techblog.lclco.com,12
natsutan.hatenablog.com,11
tech.connehito.com,11
www.kamo-it.org,11
blog.growthers.dev,10
tech.toreta.in,10
www.hitachi-solutions.co.jp,10
www.isoroot.jp,10
engineering.dena.com,9
made.livesense.co.jp,9
tech.emotion-tech.co.jp,9
watsunblog.com,9
engineer.blog.lancers.jp,8
blog.wh-plus.co.jp,7
inokara.hateblo.jp,7
sakaba.cocolog-nifty.com,7
atraetech.hatenablog.com,6
mixi-developers.mixi.co.jp,6
search-bank.net,6
tech.readyfor.jp,6
ai-research-collection.com,5
cross-black777.hatenablog.com,5
feneshi.co,5
hpcmemo.hatenablog.com,5
kimutyam.medium.com,5
lo-hitomiya.com,5
menta.work,5
pathee.hatenablog.com,5
abillyz.com,4
engineer.crowdworks.jp,4
hackmd.io,4
jpaztech.github.io,4
k11i.biz,4
kakehashi-dev.hatenablog.com,4
t-yng.jp,4
tech.uzabase.com,4
www.kanzennirikaisita.com,4
www.klab.com,4
y0d3n.hatenablog.com,4
asumikan.hatenablog.com,3
b.0218.jp,3
blog.nnn.dev,3
catallaxy.me,3
cloudsteady.jp,3
developer.hatenastaff.com,3
duglaser.dev,3
furandon-pig.hatenablog.com,3
intothelambda.com,3
jongz.hatenablog.com,3
jpazureid.github.io,3
jpdsi.github.io,3
lanieve.jp,3
miraitranslate-tech.hatenablog.jp,3
nabettu.com,3
note-corp.lapras.com,3
pazoo.hatenablog.com,3
qtatsu.hatenablog.com,3
scrapbox.io,3
snoozy.hatenablog.com,3
take2405-first.hatenablog.com,3
tech.gamewith.co.jp,3
tech.mof-mof.co.jp,3
usk314.github.io,3
www.ikkitang1211.site,3
www.studyco.io,3
www.techbookrank.com,3
zerebom.hatenablog.com,3
01futabato10.hateblo.jp,2
3.1415.jp,2
blog.applibot.co.jp,2
blog.fortkle.com,2
blogs.itmedia.co.jp,2
ceblog.mediba.jp,2
developers.cyberagent.co.jp,2
devrel.jp,2
engineer.dena.com,2
github.com,2
izumisy.work,2
ja.tak-cslab.org,2
jabelic.netlify.app,2
jedipunkz.github.io,2
k-sakanoshita.medium.com,2
kazeburo.hatenablog.com,2
kotoura3-blog.com,2
makkyemmanuel.com,2
misha.jp,2
mo3789530.hatenablog.com,2
mogura.dev,2
morimolymoly.hateblo.jp,2
ogijun.hatenablog.com,2
openstreetmap.blogspot.com,2
robby.moe-nifty.com,2
shanaiho.smarthr.co.jp,2
shoheioda.medium.com,2
sugiskill.info,2
tech-blog.abeja.asia,2
tech.fjct.fujitsu.com,2
tech.nri-net.com,2
technote.qualiarts.jp,2
techstep.hatenablog.com,2
tjmschk.hatenablog.com,2
usage-automate.hatenablog.com,2
vook.vc,2
watasuke.tk,2
www.1ft-seabass.jp,2
www.ana-kutsu.com,2
y-ahiru.hatenadiary.jp,2
yassan.hatenablog.jp,2
ybiquitous.me,2
yo.eki.do,2
zain05.hatenablog.com,2
0x6b.github.io,1
aabe0.hatenablog.com,1
abekou.hateblo.jp,1
ablengawa.hatenablog.com,1
akkeylab.com,1
al-mikan.github.io,1
alpha-pz.medium.com,1
anatofuz.hatenablog.com,1
aqui-jasmine.hatenablog.com,1
arclamp.hatenablog.com,1
aruke-aruke.hatenablog.com,1
atpons.hateblo.jp,1
bearmini.hatenablog.com,1
bibinbaleo.hatenablog.com,1
bit.ly,1
blog.3qe.us,1
blog.activedefense.co.jp,1
blog.adachin.me,1
blog.aiandrox.com,1
blog.astj.space,1
blog.chatagiriii.com,1
blog.drsprime.com,1
blog.fltech.dev,1
blog.foresta.me,1
blog.gojiteji.com,1
blog.harieshokunin.com,1
blog.hatena.ne.jp,1
blog.hypermkt.jp,1
blog.innotamago.com,1
blog.kasei-san.com,1
blog.kosappi.net,1
blog.kyu08.com,1
blog.manaten.net,1
blog.mmmcorp.co.jp,1
blog.moongift.co.jp,1
blog.nabeliwo.com,1
blog.nekozuki.me,1
blog.ottijp.com,1
blog.p1ass.com,1
blog.pastak.net,1
blog.pokutuna.com,1
blog.qiita.com,1
blog.seigo2016.com,1
blog.shojimiyata.com,1
blog.takumma.net,1
blog.tetuo41.com,1
blog.tkzwtks.net,1
blog.tmtms.net,1
blog.usize-tech.com,1
blog.utgw.net,1
blog.willnet.in,1
blog.yucchiy.com,1
blog.zamuu.net,1
blog.zitaku.net,1
blogs.informatica.com,1
blue-38.hatenablog.com,1
buenasmakiko.medium.com,1
chooblarin.github.io,1
chut1130m.hatenablog.com,1
cloud-aws-gcp.hateblo.jp,1
cms2.suzuka-ct.ac.jp,1
cobachie.hateblo.jp,1
cohalz.co,1
creatorsfantasyfpn.com,1
daiki0508.hatenablog.com,1
daiking1756.hatenablog.com,1
daiksy.hatenablog.jp,1
datumstudio.jp,1
dekotech.dekokun.info,1
dev.to,1
devrel.tokyo,1
dictav.net,1
dino.hateblo.jp,1
earth429.hatenablog.com,1
eh-career.com,1
el.jibun.atmarkit.co.jp,1
emorima.love,1
engineers.fenrir-inc.com,1
febc-yamamoto.hatenablog.jp,1
fisherman.hatenablog.com,1
fukubaka0825.hatenablog.com,1
fumimaker.net,1
furusax0621.hatenablog.com,1
furutsuki.hatenablog.com,1
gam0022.net,1
gedatsu1729.hatenablog.com,1
genshi.hatenablog.com,1
giarrium.hatenablog.com,1
gihyo.jp,1
gist.github.com,1
google.com,1
gooner.hateblo.jp,1
gozuk16.hatenablog.com,1
greentea-hoge.hatenablog.com,1
h2carrot.github.io,1
hakasenote.hnishi.com,1
hasipon.github.io,1
hikyaru-suzuki.hatenablog.jp,1
himenon.github.io,1
horikidesu.blogspot.com,1
hubs.la,1
ibymemo.hatenablog.com,1
ieiri.co,1
igara1119.hatenablog.com,1
ikuto0608.github.io,1
imai-factory.hatenablog.com,1
iriya-ufo.net,1
iselegant.hatenablog.com,1
itib.hatenablog.com,1
iwtn.github.io,1
job-draft.jp,1
jsoizo.hatenablog.com,1
k-anz.hatenablog.com,1
kanterbury.hatenablog.com,1
katainaka0503.hatenablog.com,1
kikuchitk7.hatenablog.com,1
kiwi-dev.com,1
knknkn.hatenablog.com,1
kobitosan.hatenablog.com,1
kojinjigyou.org,1
kokotatata.hatenablog.com,1
kouki.hatenadiary.com,1
kumaaaan.hatenablog.com,1
level69.net,1
link.medium.com,1
lisa0.hatenablog.jp,1
masayosu.hatenablog.com,1
mathlog.info,1
michimani.net,1
midolog.net,1
mitomito.hatenablog.jp,1
mountainstream77.hatenablog.com,1
moyoi-memo.hatenablog.com,1
moznion.hatenadiary.com,1
my-pon.hatenablog.com,1
myudon.hatenablog.com,1
nafuka.hatenablog.com,1
nagana.hatenadiary.jp,1
namaninotiteti1026.hatenadiary.jp,1
naotospace.github.io,1
neko314.hatenablog.com,1
neutral2010.hatenablog.com,1
neutron63zf.hatenablog.com,1
nikkie-ftnext.hatenablog.com,1
nmoriyama.hatenablog.com,1
nnsnodnb.hatenablog.jp,1
nop42.medium.com,1
nozomi1773.hatenablog.com,1
nsym.dev,1
o108minmin.hatenablog.com,1
ohshige.hatenablog.com,1
okuramasafumi.hatenablog.jp,1
okuzawats.com,1
olivia.jp,1
onsd.hatenablog.com,1
owlsmind.blogspot.com,1
papix.hatenablog.com,1
penpen-dev.com,1
pine619.hatenablog.com,1
polamjag.hatenablog.jp,1
portalshit.net,1
productmanager55.hatenablog.com,1
protopedia.net,1
pyonk.github.io,1
r-kurain.hatenablog.com,1
rakiyama0229.hatenablog.jp,1
reltarobox.hatenablog.com,1
rerenote.hatenablog.com,1
resweater.hatenablog.com,1
rukolog.netlify.app,1
ryoito.jp,1
ryotaway.hatenablog.com,1
s-edword.hatenablog.com,1
s-ktmy.hatenablog.com,1
sample.com.com,1
sashihara.jp,1
satoooooooooooo.hatenablog.com,1
scgajge12.hatenablog.com,1
security.sios.com,1
sgymtic.hatenablog.com,1
shibaken-8128.hatenablog.com,1
shibuya24.info,1
shiimanblog.com,1
shimack.hatenadiary.jp,1
shimobayashi.hatenablog.com,1
shirasud.hatenablog.com,1
shogo82148.github.io,1
shoumoji.hatenablog.jp,1
silver0ceanpangle.medium.com,1
siroemk.hatenablog.com,1
snsk.hateblo.jp,1
sotm.jp,1
stefafafan.hatenablog.com,1
style.wh-plus.co.jp,1
sugamasao.hatenablog.com,1
surajsau.medium.com,1
syossan.hateblo.jp,1
takafumint.hatenablog.com,1
takapiro99.github.io,1
takizawa-robotics.com,1
taroosg.io,1
tatsuya-note.com,1
tech-blog.rakus.co.jp,1
tech-lab.connpass.com,1
tech-note.bikunbikun.com,1
tech.blog.hisaju.org,1
tech.quartetcom.co.jp,1
tech.smarthr.jp,1
tech.tabechoku.com,1
tech.torico-corp.com,1
techblog.ap-com.co.jp,1
tekunabe.hatenablog.jp,1
thinker-masso.hatenablog.com,1
thiry.hatenablog.com,1
tknzk.hateblo.jp,1
tolarian-academy.net,1
tooka-91.hatenablog.com,1
torikatsu923.hatenablog.com,1
tt-conpetitive.hatenablog.com,1
tukunen13.hatenablog.jp,1
uncaughtexception.hatenablog.com,1
uneven-akubra-6f5.notion.site,1
usatyo.hatenablog.com,1
ver-1-0.net,1
walkdd2.blogspot.com,1
withmr.nextscape.net,1
wp.me,1
www.ais.cmc.osaka-u.ac.jp,1
www.blogaomu.com,1
www.bon10.dev,1
www.case-k.jp,1
www.dropbox.com,1
www.drumato.com,1
www.getpa.net,1
www.hands-lab.com,1
www.kaoritter.com,1
www.lifull.blog,1
www.linkedin.com,1
www.mazarimono.net,1
www.miraclelinux.com,1
www.mizdra.net,1
www.nowsprinting.com,1
www.openstreetmap.org,1
www.pondfield.com,1
www.youtube.com,1
yanamura.hatenablog.com,1
yasu-fms.hatenablog.com,1
yellowerable.kagome-kagome.com,1
yono.hatenablog.jp,1
youtu.be,1
yuelab82.hatenablog.com,1
yukimasablog.com,1
yukki-yuzen666.hatenablog.com,1
yutailang0119.hatenablog.com,1
yutopp.hateblo.jp,1
zoshigayan.net,1