qiita.com,496
note.com,122
zenn.dev,56
www.kanzennirikaisita.com,23
codepen.io,7
kawaguti.hateblo.jp,4
nichijyo-t.hatenadiary.jp,4
enjoy-life-fullest.com,3
pyteyon.hatenablog.com,3
tech.pepabo.com,3
yomi-note.com,3
blog.koyama.me,2
blog.ue-y.me,2
github.com,2
hatenablog.com,2
nihonbuson.hatenadiary.jp,2
niryuu.hatenablog.com,2
offers.jp,2
saycon.co.jp,2
speakerdeck.com,2
www.creationline.com,2
www.ka-net.org,2
0-9.tumblr.com,1
araisyohei.hatenadiary.org,1
automation-knowledge.com,1
bayashimura.hateblo.jp,1
beanlog.xyz,1
beijaflor.hatenablog.jp,1
bibinbaleo.hatenablog.com,1
blog.bati11.info,1
blog.chaspy.me,1
blog.ree-jp.net,1
blog.shitake4.tech,1
blog.teastat.uk,1
blog.techscore.com,1
blog.zzzmisa.com,1
bon.super.site,1
bynatures.hatenadiary.jp,1
c-table.co.jp,1
callas1900.net,1
chocolate-ball.hatenablog.com,1
chomelog.hatenablog.com,1
daiksy.hatenablog.jp,1
dev.to,1
devtest.hatenablog.com,1
dkssksk.com,1
dotinstall.com,1
doyaaaaaken.hatenablog.com,1
el.jibun.atmarkit.co.jp,1
engineerblog.mynavi.jp,1
goyoki.hatenablog.com,1
info-boxes.net,1
isiyakiimo.com,1
jollyjoester.hatenablog.com,1
k-ishiyama.github.io,1
k-sakanoshita.medium.com,1
k2ss.info,1
kawabeaver.hatenablog.com,1
kinakomoti321.hatenablog.com,1
kobazlab.tech,1
konyu.hatenablog.com,1
koyomiya.f5.si,1
little-hands.hatenablog.com,1
makumakuworks.hatenablog.com,1
medium.com,1
miholovesq.hatenablog.com,1
miwa719.hatenablog.com,1
mori1-hakua.tokyo,1
mottox2.com,1
mtx2s.hatenablog.com,1
nanaseees.hatenablog.com,1
naopr.hatenablog.com,1
nemorine.hateblo.jp,1
nii-yan.hatenablog.com,1
nissho-ele.zoom.us,1
note.katsumataryo.com,1
o-kun.com,1
otentosama.hatenablog.com,1
queuery.com,1
racchie.hatenablog.com,1
rayspace.xyz,1
somachob.com,1
steam.place,1
syachiku-inu.hatenablog.com,1
szk416.hatenablog.com,1
takedajs.hatenablog.jp,1
teamomusoba.hatenablog.com,1
tech-blog.monotaro.com,1
tech.hey.jp,1
tech.speee.jp,1
techblog.tebiki.co.jp,1
techtekt.persol-career.co.jp,1
tonono.hatenablog.com,1
ts223.hatenablog.com,1
tune.hatenadiary.jp,1
twitter.com,1
wafuwafu13.hatenadiary.com,1
www.asazutaiga.com,1
www.keisuke69.net,1
www.mb-js.tokyo,1
www.mkbugs.com,1
www.nekotricolor.com,1
www.yasuhisay.info,1
yandod.github.io,1
yawarakatester.blogspot.com,1
yfurukawa.medium.com,1
ykozw.github.io,1
yoshikiito.net,1
yurufuwa-dataanalyst.com,1