qiita.com,7271
zenn.dev,814
note.com,678
medium.com,114
dev.classmethod.jp,92
scrapbox.io,43
nanto.asablo.jp,35
tech.excite.co.jp,35
twitter.com,35
www.wantedly.com,35
github.com,34
techblog.istyle.co.jp,28
www.kanzennirikaisita.com,27
techblog.kayac.com,26
techblog.yahoo.co.jp,26
www.m3tech.blog,26
blog.kimuradb.com,25
toranoana-lab.hatenablog.com,25
yooce.hatenablog.com,25
azure-recipe.kc-cloud.jp,24
cloudandbuild.jp,24
devblog.onpu-tamago.net,24
eng-blog.iij.ad.jp,24
inside.dmm.com,24
keisanki.at.webry.info,24
photoruction-tech-blog.hatenablog.com,24
secret-garden.hatenablog.com,24
tech.buysell-technologies.com,24
tech.griphone.co.jp,24
tech.isid.co.jp,24
tech.raksul.com,24
times.hrbrain.co.jp,23
www.wazaterm.com,23
tec.tecotec.co.jp,22
tech.techtouch.jp,22
gunmagisgeek.com,21
tech.enigmo.co.jp,21
blog.nextscape.net,20
dev.icare.jpn.com,20
ja.quarkus.io,20
techblog.gmo-ap.jp,20
tech.aptpod.co.jp,18
engineering.meetsmore.com,17
fereria.github.io,17
shinodogg.com,17
creators-note.chatwork.com,16
tech.quartetcom.co.jp,16
synamon.hatenablog.com,15
tech-blog.voicy.jp,15
tech-blog.yayoi-kk.co.jp,15
aws.amazon.com,14
buto-dev-null.hatenablog.com,14
tech.prog-8.com,14
www.cdatablog.jp,14
goodpatch-tech.hatenablog.com,13
inside.estie.co.jp,13
techblog.lclco.com,13
akerun.hateblo.jp,12
d.zinrai.net,12
dev.to,12
tech.connehito.com,12
www.kamo-it.org,12
ik.am,11
nakagami.blog.ss-blog.jp,11
natsutan.hatenablog.com,11
amidaike.hatenablog.com,10
blog.growthers.dev,10
engineering.dena.com,10
tech.emotion-tech.co.jp,10
tech.toreta.in,10
www.hitachi-solutions.co.jp,10
www.isoroot.jp,10
community.looker.com,9
made.livesense.co.jp,9
watsunblog.com,9
www.1ft-seabass.jp,9
yusuke-futamura.com,9
blog.enebular.com,8
blog.ttskch.com,8
engineer.blog.lancers.jp,8
flat-leon.hatenablog.com,8
info-boxes.net,8
inokara.hateblo.jp,8
wp-kyoto.net,8
www.getshifter.io,8
www.opensourcetech.tokyo,8
blog.wh-plus.co.jp,7
cloudii.jp,7
codepen.io,7
feneshi.co,7
redhologerbera.hatenablog.com,7
sakaba.cocolog-nifty.com,7
yoku0825.blogspot.com,7
youtu.be,7
atraetech.hatenablog.com,6
freedom-tech.hatenablog.com,6
k2ss.info,6
kentapt.hatenablog.com,6
mixi-developers.mixi.co.jp,6
nomurabbit.hatenablog.jp,6
search-bank.net,6
tech.readyfor.jp,6
www.ichigojaman.jp,6
ai-research-collection.com,5
aquasoftware.net,5
cross-black777.hatenablog.com,5
gotutiyan.hatenablog.com,5
hackmd.io,5
hpcmemo.hatenablog.com,5
kakehashi-dev.hatenablog.com,5
kimutyam.medium.com,5
lo-hitomiya.com,5
menta.work,5
nihonbuson.hatenadiary.jp,5
pathee.hatenablog.com,5
remoneko.life,5
shogo82148.github.io,5
speakerdeck.com,5
spelldata.co.jp,5
symbolblog.com,5
t-yng.jp,5
tech.fusic.co.jp,5
tech.uzabase.com,5
updraft.hatenadiary.com,5
yasutomo.hatenablog.com,5
abillyz.com,4
atsushieno.hatenablog.com,4
bit.ly,4
blog.a-know.me,4
blog.kaburk.com,4
blogs.itmedia.co.jp,4
bufferings.hatenablog.com,4
devblog.thebase.in,4
engineer.crowdworks.jp,4
gist.github.com,4
hugtech.io,4
joker1007.hatenablog.com,4
jpaztech.github.io,4
k11i.biz,4
kawaguti.hateblo.jp,4
kazeburo.hatenablog.com,4
kkamegawa.hatenablog.jp,4
lipoyang.hatenablog.com,4
nichijyo-t.hatenadiary.jp,4
physnakajima.html.xdomain.jp,4
rheb.hatenablog.com,4
ryu22e.org,4
taiponrock.medium.com,4
tech.yappli.io,4
udzura.hatenablog.jp,4
usage-automate.hatenablog.com,4
webneko.dev,4
www.acquia.com,4
www.klab.com,4
www.octoparse.jp,4
www.utakata.work,4
y0d3n.hatenablog.com,4
amijat.work,3
asumikan.hatenablog.com,3
b.0218.jp,3
blog.hatena.ne.jp,3
blog.nnn.dev,3
blog.onodera.asia,3
blog.tacck.net,3
blog.tmtms.net,3
blueqat.com,3
catallaxy.me,3
cloud-aws-gcp.hateblo.jp,3
cloud.flect.co.jp,3
cloudsteady.jp,3
developer.hatenastaff.com,3
dimeiza.hatenablog.com,3
dlanggraphics.blogspot.com,3
duglaser.dev,3
enjoy-life-fullest.com,3
furandon-pig.hatenablog.com,3
home-brewers.jp,3
ikatnek.blogspot.com,3
intothelambda.com,3
jongz.hatenablog.com,3
jpazureid.github.io,3
jpdsi.github.io,3
k-sakanoshita.medium.com,3
keens.github.io,3
kokotatata.hatenablog.com,3
lanieve.jp,3
live.nicovideo.jp,3
magazine.basercms.net,3
microcraft.blog.fc2.com,3
miraitranslate-tech.hatenablog.jp,3
mitomito.hatenablog.jp,3
nabettu.com,3
naoking158.pages.dev,3
neutron63zf.hatenablog.com,3
note-corp.lapras.com,3
note.nkmk.me,3
okuramasafumi.hatenablog.jp,3
onihusube.hatenablog.com,3
pazoo.hatenablog.com,3
pyteyon.hatenablog.com,3
qtatsu.hatenablog.com,3
ryuichi1208.hateblo.jp,3
shinichy.hatenablog.com,3
shinyorke.hatenablog.com,3
snoozy.hatenablog.com,3
srz-zumix.blogspot.com,3
support.borndigital.co.jp,3
swfz.hatenablog.com,3
t-sin.github.io,3
takano.hatenablog.jp,3
take2405-first.hatenablog.com,3
tech.buty4649.net,3
tech.gamewith.co.jp,3
tech.mof-mof.co.jp,3
tech.pepabo.com,3
ume-boshi.hatenablog.jp,3
upura.hatenablog.com,3
usk314.github.io,3
wafuwafu13.hatenadiary.com,3
www.creationline.com,3
www.ikkitang1211.site,3
www.ka-net.org,3
www.studyco.io,3
www.techbookrank.com,3
yomi-note.com,3
zerebom.hatenablog.com,3
01futabato10.hateblo.jp,2
3.1415.jp,2
akkeylab.com,2
ameblo.jp,2
anatofuz.hatenablog.com,2
asukiaaa.blogspot.com,2
at-sushi.work,2
b1ueflag.com,2
bibinbaleo.hatenablog.com,2
blog.applibot.co.jp,2
blog.atusy.net,2
blog.chaspy.me,2
blog.cloudnative.co.jp,2
blog.dalt.me,2
blog.eqseqs.work,2
blog.fortkle.com,2
blog.geolonia.com,2
blog.inductor.me,2
blog.irologue.com,2
blog.j5ik2o.me,2
blog.koyama.me,2
blog.microcms.io,2
blog.moongift.co.jp,2
blog.nohana.co.jp,2
blog.plasticdreams.org,2
blog.takehata-engineer.com,2
blog.tatsuroh.com,2
blog.ue-y.me,2
blog.utgw.net,2
blog.webgoto.net,2
blog.ymcloud.jp,2
blog.yucchiy.com,2
blog.zzzmisa.com,2
c4se.hatenablog.com,2
ceblog.mediba.jp,2
cloud-ace.jp,2
daiksy.hatenablog.jp,2
datumstudio.jp,2
deltam.blogspot.com,2
developers.cyberagent.co.jp,2
devrel.jp,2
devtest.hatenablog.com,2
docs.google.com,2
dotnsf.blog.jp,2
effect.hatenablog.com,2
el.jibun.atmarkit.co.jp,2
elchika.com,2
engineer.dena.com,2
gadgewota.com,2
gam0022.net,2
gihyo.jp,2
gomiba.co,2
googleanalytics-laboratory.com,2
goyoki.hatenablog.com,2
hanakuso365.hatenablog.com,2
hatenablog.com,2
heyyocg.com,2
hkoba.github.io,2
hr-sano.net,2
ikorin2.hatenablog.jp,2
izumisy.work,2
ja.tak-cslab.org,2
jabelic.netlify.app,2
jedipunkz.github.io,2
jijtech.hatenablog.com,2
kazu-yamamoto.hatenablog.jp,2
keitetsu.blogspot.com,2
kentutorialbook.github.io,2
kiririmode.hatenablog.jp,2
kotoura3-blog.com,2
labworks.digitalcube.jp,2
level69.net,2
makkyemmanuel.com,2
mako-note.com,2
marshal115.hatenablog.com,2
matsubara0507.github.io,2
midoriit.com,2
misha.jp,2
mo3789530.hatenablog.com,2
mogura.dev,2
morimolymoly.hateblo.jp,2
myudon.hatenablog.com,2
neue.cc,2
next-com.biz,2
next4us-ti.hatenablog.com,2
nikkie-ftnext.hatenablog.com,2
niryuu.hatenablog.com,2
offers.jp,2
ogijun.hatenablog.com,2
oita.oika.me,2
openstreetmap.blogspot.com,2
pafuhana1213.hatenablog.com,2
papix.hatenablog.com,2
pasokon.blog,2
pgate1.at-ninja.jp,2
polar3130.hatenablog.com,2
polidog.jp,2
potara.net,2
rio.st,2
robby.moe-nifty.com,2
ryunika.com,2
s-shimotori.hatenablog.com,2
sandfishfactory.hatenablog.com,2
saycon.co.jp,2
sem-technology.info,2
shanaiho.smarthr.co.jp,2
shimakaze.hatenablog.com,2
shoheioda.medium.com,2
siroemk.hatenablog.com,2
smellman.hatenablog.com,2
somachob.com,2
spotlight.soy,2
stefafafan.hatenablog.com,2
studyworks.hatenablog.com,2
sugiskill.info,2
supernove.hatenadiary.jp,2
syossan.hateblo.jp,2
takayuki.hagihara.tokyo,2
takkyu.net,2
tech-blog.abeja.asia,2
tech-coyote.com,2
tech.aainc.co.jp,2
tech.asken.inc,2
tech.fjct.fujitsu.com,2
tech.nri-net.com,2
technote.qualiarts.jp,2
techstep.hatenablog.com,2
techtekt.persol-career.co.jp,2
tekunabe.hatenablog.jp,2
temoshiblog.com,2
tjmschk.hatenablog.com,2
tmanda.hatenablog.com,2
tsubo.ec-cube.net,2
uepon.hatenadiary.com,2
underscore42rina.hatenablog.com,2
unpyside.com,2
vook.vc,2
vraisamis.hatenadiary.jp,2
watasuke.tk,2
www.ana-kutsu.com,2
www.anarchive-beta.com,2
www.ceccs.co.jp,2
www.facebook.com,2
www.forcia.com,2
www.gitlab.jp,2
www.hakobuneworks.com,2
www.keisuke69.net,2
www.kickbase.net,2
www.kimullaa.com,2
www.mizdra.net,2
www.popii33.com,2
www.rochefort.dev,2
www.spreadworks.co.jp,2
www.twilio.com,2
www.webpla.jp,2
www.white-root.com,2
www.yasuhisay.info,2
y-ahiru.hatenadiary.jp,2
y-ohgi.blog,2
yassan.hatenablog.jp,2
ybiquitous.me,2
ymotongpoo.hatenablog.com,2
yo.eki.do,2
zain05.hatenablog.com,2
0-9.tumblr.com,1
0x6b.github.io,1
69bird.jp,1
84zume.work,1
a-zumi.net,1
aabe0.hatenablog.com,1
aajisaka.hatenablog.com,1
aakira.app,1
abekou.hateblo.jp,1
ablengawa.hatenablog.com,1
abo-junghichi.hatenablog.jp,1
adharam.github.io,1
ag-48.hatenablog.com,1
agari.notion.site,1
akiyoko.hatenablog.jp,1
al-mikan.github.io,1
alpha-pz.medium.com,1
am1tanaka.hatenablog.com,1
amaisaeta.seesaa.net,1
amane-uehara.github.io,1
amsy810.hateblo.jp,1
analytics.hatenadiary.com,1
anysonica.wixsite.com,1
app.box.com,1
aqui-jasmine.hatenablog.com,1
araisyohei.hatenadiary.org,1
arclamp.hatenablog.com,1
argonauts.hatenablog.jp,1
aru47.hatenablog.com,1
aruke-aruke.hatenablog.com,1
asano11ji.fanbox.cc,1
atelierarith.github.io,1
atpons.hateblo.jp,1
atsuizo.hatenadiary.jp,1
autifyhq.notion.site,1
automation-knowledge.com,1
ayutsuki.net,1
azukipochette.hatenablog.com,1
azuzuzu.hatenablog.com,1
bake0937.hatenablog.com,1
bamboo-hero.com,1
basercms.net,1
bayashimura.hateblo.jp,1
beanlog.xyz,1
bearmini.hatenablog.com,1
becolomochi.hatenablog.com,1
beginners.shifter.community,1
beijaflor.hatenablog.jp,1
bells17.medium.com,1
blog.3qe.us,1
blog.activedefense.co.jp,1
blog.adachin.me,1
blog.aiandrox.com,1
blog.astj.space,1
blog.bati11.info,1
blog.braveridge.com,1
blog.ch3cooh.jp,1
blog.chatagiriii.com,1
blog.cloud-partner.jp,1
blog.cnu.jp,1
blog.drsprime.com,1
blog.fltech.dev,1
blog.foresta.me,1
blog.gojiteji.com,1
blog.goo.ne.jp,1
blog.gti.jp,1
blog.hamayanhamayan.com,1
blog.hanhans.net,1
blog.harieshokunin.com,1
blog.hirokiky.org,1
blog.hypermkt.jp,1
blog.innotamago.com,1
blog.k4133.tech,1
blog.kasei-san.com,1
blog.kengo-toda.jp,1
blog.kentarom.com,1
blog.kosappi.net,1
blog.kyu08.com,1
blog.manaten.net,1
blog.minoru.dev,1
blog.miz-ar.info,1
blog.mmmcorp.co.jp,1
blog.mochicorp.com,1
blog.muraweb.net,1
blog.nabeliwo.com,1
blog.nekozuki.me,1
blog.neno.dev,1
blog.ohr486.net,1
blog.onpu-tamago.net,1
blog.ottijp.com,1
blog.owlcode.net,1
blog.p1ass.com,1
blog.pastak.net,1
blog.photosynthesic.jp,1
blog.pokutuna.com,1
blog.potproject.net,1
blog.qiita.com,1
blog.ravinetree.dev,1
blog.ree-jp.net,1
blog.retlat.dev,1
blog.rotek.xyz,1
blog.sbfm.jp,1
blog.seigo2016.com,1
blog.shitake4.tech,1
blog.shojimiyata.com,1
blog.song.mu,1
blog.starbug1.com,1
blog.sunl.jp,1
blog.sushi.money,1
blog.taktak.dev,1
blog.takumma.net,1
blog.teastat.uk,1
blog.techscore.com,1
blog.tetuo41.com,1
blog.tkzwtks.net,1
blog.tokumaru.org,1
blog.ttk1.net,1
blog.usize-tech.com,1
blog.uzumaki-inc.jp,1
blog.valerauko.net,1
blog.vcborn.com,1
blog.willnet.in,1
blog.y-temp4.com,1
blog.yagipy.me,1
blog.zamuu.net,1
blog.zitaku.net,1
blogger.jinyanakamura.com,1
blogs.informatica.com,1
blue-38.hatenablog.com,1
bon.super.site,1
budougumi0617.github.io,1
buenasmakiko.medium.com,1
bulbulpaul.com,1
businesschatmaster.com,1
bynatures.hatenadiary.jp,1
c-table.co.jp,1
c9katayama.hatenablog.com,1
callas1900.net,1
catchup.co.jp,1
cch-robo.github.io,1
chanhama0522.hatenablog.com,1
chanshige.hatenablog.com,1
chanyou.hatenablog.jp,1
chariosan.com,1
chienomi.org,1
chocolate-ball.hatenablog.com,1
chomelog.hatenablog.com,1
chooblarin.github.io,1
chris4403.hateblo.jp,1
chut1130m.hatenablog.com,1
cinci.jp,1
cloud.ebisuda.com,1
cms2.suzuka-ct.ac.jp,1
cobachie.hateblo.jp,1
coe401.hatenablog.com,1
coelacanth.jp.net,1
cohalz.co,1
colloidgel.hatenablog.com,1
continue-jump.co.jp,1
coposuke.hateblo.jp,1
cra2ypierr0t.hatenablog.jp,1
creators.oisix.co.jp,1
creators.videomarket.co.jp,1
creatorsfantasyfpn.com,1
cycle1300ss.blogspot.com,1
d.nishimotz.com,1
d.s01.ninja,1
daiki0508.hatenablog.com,1
daikikatsuragawa.hatenablog.com,1
daiking1756.hatenablog.com,1
daisuzu.hatenablog.com,1
dandanshark.com,1
dekotech.dekokun.info,1
dev.thanaism.com,1
devadjust.exblog.jp,1
developer.feedforce.jp,1
developers.freee.co.jp,1
developers.gmo.jp,1
developers.kankak.com,1
devrel.tokyo,1
dictav.net,1
digitalanalyst.asia,1
diglateam3.com,1
dino.hateblo.jp,1
dkssksk.com,1
dman.wants.pet,1
dotinstall.com,1
doyaaaaaken.hatenablog.com,1
drive.google.com,1
earth429.hatenablog.com,1
eccube.hatenablog.com,1
edom18.hateblo.jp,1
eh-career.com,1
ehrenfest.com,1
ema-hiro.hatenablog.com,1
emorima.love,1
encourage-toukadai.com,1
endy-tech.hatenablog.jp,1
engineerblog.mynavi.jp,1
engineering.otobank.co.jp,1
engineers.fenrir-inc.com,1
engineers.safie.link,1
eskaylog.com,1
febc-yamamoto.hatenablog.jp,1
fisherman.hatenablog.com,1
flali.hatenablog.com,1
flast.hateblo.jp,1
fluorite36.hatenablog.com,1
flutter.salon,1
foolslab.net,1
fossamagna.github.io,1
fuga-ch85.hatenablog.com,1
fukubaka0825.hatenablog.com,1
fukuno.jig.jp,1
fumieval.hatenablog.com,1
fumimaker.net,1
furusax0621.hatenablog.com,1
furutsuki.hatenablog.com,1
fushagoya.com,1
future-architect.github.io,1
gamelinks007.hatenablog.com,1
gedatsu1729.hatenablog.com,1
gengo-k.hatenablog.com,1
genshi.hatenablog.com,1
geo80k.hatenablog.com,1
giarrium.hatenablog.com,1
github-nakasho.github.io,1
gitpress.io,1
gktechblog.com,1
google.com,1
gooner.hateblo.jp,1
gozuk16.hatenablog.com,1
greentea-hoge.hatenablog.com,1
gremito.hateblo.jp,1
gyori.hatenablog.com,1
h-sao.com,1
h2carrot.github.io,1
hahaeatora.hateblo.jp,1
hakasenote.hnishi.com,1
hanatsuu.medium.com,1
haruguchi-yuma.hatenablog.com,1
hasipon.github.io,1
hatsuboshi.com,1
hi1280.hatenablog.com,1
hibi221b.dev,1
highfivecreate.com,1
hikko-shifter.help,1
hikyaru-suzuki.hatenablog.jp,1
himenon.github.io,1
hiraokakenichi.com,1
hirosaji.hatenablog.com,1
hitomikt.hatenablog.com,1
hktngch.hatenablog.com,1
hogetatu.hatenablog.com,1
horikidesu.blogspot.com,1
htnosm.hatenablog.com,1
hubs.la,1
hyodoblog.com,1
i-beam.org,1
ibymemo.hatenablog.com,1
ieiri.co,1
iganin.hatenablog.com,1
igara1119.hatenablog.com,1
igarashikuniaki.net,1
igjit.github.io,1
iis-tio.hatenablog.com,1
ikuto0608.github.io,1
illumination-k.dev,1
iloverisusan.tumblr.com,1
imai-factory.hatenablog.com,1
imaizumimr.hatenablog.com,1
imokuri123.com,1
imuraya.hatenablog.com,1
in-neuro.hatenablog.com,1
iot-gym.com,1
iriya-ufo.net,1
ischool.co.jp,1
iselegant.hatenablog.com,1
isiyakiimo.com,1
itib.hatenablog.com,1
iwasatat.com,1
iwtn.github.io,1
j-kei.net,1
jackpot-lab.hateblo.jp,1
jaco.udcp.info,1
japelin.hatenablog.com,1
jappy.hatenablog.com,1
jinroq.hatenablog.jp,1
job-draft.jp,1
jollyjoester.hatenablog.com,1
josql.hatenablog.com,1
jp.deconbatch.com,1
jsoizo.hatenablog.com,1
jumpaku.hatenablog.com,1
junchang1031.hatenablog.com,1
k-anz.hatenablog.com,1
k-ishiyama.github.io,1
k0kubun.hatenablog.com,1
k14i.github.io,1
kaigai.hatenablog.com,1
kaki-engine.com,1
kamatimaru.hatenablog.com,1
kanianthi.hateblo.jp,1
kanterbury.hatenablog.com,1
karita.xyz,1
kasaharu.hatenablog.com,1
kashionki38.hatenablog.com,1
katainaka0503.hatenablog.com,1
kawa.dev,1
kawabeaver.hatenablog.com,1
keijiito.com,1
kenken0807.hatenablog.com,1
kennymadeinthailand.hatenablog.com,1
kenoss.github.io,1
kernhack.hatenablog.com,1
kfly8.hatenablog.com,1
kic-yuuki.hatenablog.com,1
kijitora-2018.hatenablog.com,1
kikuchitk7.hatenablog.com,1
kinakomoti321.hatenablog.com,1
kinnaji.com,1
kiwi-dev.com,1
kizawa.info,1
kk-cg.net,1
kmcos.net,1
knknkn.hatenablog.com,1
knopp.hatenablog.jp,1
ko2a.hatenablog.com,1
kobazlab.tech,1
kobitosan.hatenablog.com,1
kodachan.hatenablog.com,1
kojinjigyou.org,1
konyu.hatenablog.com,1
koredana.info,1
korosuke613.hatenablog.com,1
kouki.hatenadiary.com,1
koyomiya.f5.si,1
kubotak.page,1
kumaaaan.hatenablog.com,1
kumaruneru.com,1
kumaskun.hatenablog.com,1
kutohonn.hatenablog.com,1
kwknkk.hatenablog.com,1
lab.mo-t.com,1
lacolaco.hatenablog.com,1
lealgorithm.blogspot.com,1
lealog.hateblo.jp,1
lifewood.hatenablog.com,1
link.medium.com,1
linux.wwing.net,1
lisa0.hatenablog.jp,1
little-hands.hatenablog.com,1
log.niccol.li,1
lospec.com,1
lpha-z.hatenablog.com,1
mackee.hatenablog.com,1
mackerel.io,1
makocchi.medium.com,1
makumakuworks.hatenablog.com,1
mamelogy.com,1
mana-biz.com,1
manao55.hatenablog.com,1
masahikosawada.github.io,1
masahiro-kaneko.com,1
masatakashiwagi.github.io,1
masateruk.hatenablog.com,1
masayosu.hatenablog.com,1
massa8080.hatenablog.com,1
masutomo.hatenablog.com,1
mathlog.info,1
matsu7874.hatenablog.com,1
meganetaaan.jp,1
mekiku.com,1
memoteki.net,1
mfham.hatenablog.com,1
michimani.net,1
midolog.net,1
miho-diary.hatenablog.com,1
miholovesq.hatenablog.com,1
minamin96.hatenablog.com,1
mitaka.club,1
miwa719.hatenablog.com,1
miyahara.hikaru.dev,1
mizzsugar.hatenablog.com,1
monsho.hatenablog.com,1
mori1-hakua.tokyo,1
morikuni.dev,1
mottox2.com,1
mountainstream77.hatenablog.com,1
moyoi-memo.hatenablog.com,1
moznion.hatenadiary.com,1
mp0liiu.hatenablog.com,1
mrkn.hatenablog.com,1
msjbinc.blogspot.com,1
mslgt.hatenablog.com,1
mtx2s.hatenablog.com,1
mundivagantblog.wordpress.com,1
my-pon.hatenablog.com,1
mzryuka.hatenablog.jp,1
nacl-ltd.github.io,1
nafuka.hatenablog.com,1
nagana.hatenadiary.jp,1
namaninotiteti1026.hatenadiary.jp,1
nanaseees.hatenablog.com,1
nanay-desu.hatenablog.com,1
nanotube.hatenablog.com,1
naopr.hatenablog.com,1
naotaka1128.hatenadiary.jp,1
naoto0822.medium.com,1
naotospace.github.io,1
narikakun.net,1
nas-tech.hatenadiary.com,1
natsuyo.net,1
neko314.hatenablog.com,1
nemlog.nem.social,1
nemorine.hateblo.jp,1
neutral2010.hatenablog.com,1
newapplesho.medium.com,1
nicious.net,1
nii-yan.hatenablog.com,1
nikuyoshi.hatenablog.com,1
nishipy.com,1
nissho-ele.zoom.us,1
nkako.hatenablog.com,1
nmoriyama.hatenablog.com,1
nnsnodnb.hatenablog.jp,1
nomoreretake.net,1
nop42.medium.com,1
not-rogue.hatenablog.com,1
notchained.hatenablog.com,1
note.katsumataryo.com,1
notfounds.hatenablog.com,1
nozomi1773.hatenablog.com,1
nsym.dev,1
nullnode.wixsite.com,1
nymphium.github.io,1
o-kun.com,1
o-labo.info,1
o-tsubo.medium.com,1
o108minmin.hatenablog.com,1
ocadaruma.hatenablog.com,1
ogulab.com,1
ohshige.hatenablog.com,1
okuzawats.com,1
olivia.jp,1
omni-jp.github.io,1
onigirihauma.hatenablog.com,1
onsd.hatenablog.com,1
ooooooo.hatenablog.com,1
oregin-ai.hatenablog.com,1
otentosama.hatenablog.com,1
owlsmind.blogspot.com,1
panda-program.com,1
papemk2.hateblo.jp,1
peacock0803sz.hatenablog.jp,1
penpen-dev.com,1
pine619.hatenablog.com,1
plex.hatenablog.jp,1
pod.hatenablog.com,1
pokuwagata.hatenablog.com,1
polamjag.hatenablog.jp,1
pop-ketle.hatenablog.com,1
portablecode.info,1
portalshit.net,1
pr-preview-437-ja-quarkusio.surge.sh,1
private.hibou-web.com,1
productmanager55.hatenablog.com,1
protopedia.net,1
pyconjp.blogspot.com,1
pyonk.github.io,1
qualab.jp,1
queuery.com,1
r-kurain.hatenablog.com,1
racchie.hatenablog.com,1
rakiyama0229.hatenablog.jp,1
raspberly.hateblo.jp,1
raspberrypi.mongonta.com,1
rayspace.xyz,1
relativelayout.hatenablog.com,1
reltarobox.hatenablog.com,1
rerenote.hatenablog.com,1
resweater.hatenablog.com,1
riririusei99.hatenadiary.jp,1
ritou.hatenablog.com,1
rockhack-design.hatenablog.com,1
rocktakey.netlify.app,1
rukolog.netlify.app,1
ryoito.jp,1
ryotaway.hatenablog.com,1
s-edword.hatenablog.com,1
s-ktmy.hatenablog.com,1
s51517765.hatenadiary.jp,1
sakaijun.blog.jp,1
sakaik.hateblo.jp,1
sample.com.com,1
sanshiro.dev,1
sashihara.jp,1
satoooooooooooo.hatenablog.com,1
scgajge12.hatenablog.com,1
security.sios.com,1
sedu.link,1
sfblog.markhammer.net,1
sfujiwara.hatenablog.com,1
sgymtic.hatenablog.com,1
shallow1729.hatenablog.com,1
shibaken-8128.hatenablog.com,1
shibuya24.info,1
shiimanblog.com,1
shimack.hatenadiary.jp,1
shimane.monstar-lab.com,1
shimobayashi.hatenablog.com,1
shinichi.blog,1
shinkufencer.hateblo.jp,1
shirasud.hatenablog.com,1
shiratori1221.hatenablog.com,1
shirokurohitsuji.studio,1
shisama.hatenablog.com,1
shishi.hatenablog.jp,1
shop-0761.hatenablog.com,1
shotanukumizu-1000.hatenablog.com,1
shoumoji.hatenablog.jp,1
shuhoyo.hatenablog.com,1
silver0ceanpangle.medium.com,1
sinchir0.hatenablog.com,1
sinyblog.com,1
siroitori.hatenablog.com,1
sites.google.com,1
sky-joker.tech,1
smartlight.co.jp,1
smrmkt.hatenablog.jp,1
snow-monkey.2inc.org,1
snsk.hateblo.jp,1
socinuit.hatenablog.com,1
someiyoshino.info,1
songmu.jp,1
sonomirai.hatenablog.com,1
sotm.jp,1
sourire-web-studio.com,1
spacekey.dev,1
speeddata.jp,1
spresense.livedoor.blog,1
sqlazure.jp,1
srad.jp,1
sreake.com,1
ssabcire.hatenablog.com,1
standa-note.blogspot.com,1
steam.place,1
stilldayone.hatenablog.jp,1
studist.tech,1
style.wh-plus.co.jp,1
sugamasao.hatenablog.com,1
sugi-iggy.blogspot.com,1
sunatibe.com,1
surajsau.medium.com,1
susisu.hatenablog.com,1
suzuri.jp,1
syachiku-inu.hatenablog.com,1
syu-m-5151.hatenablog.com,1
szk416.hatenablog.com,1
t0rry.hatenablog.com,1
t4i5uke.github.io,1
taiga.hatenadiary.com,1
takafumint.hatenablog.com,1
takapiro99.github.io,1
takatorix.hatenablog.com,1
takedajs.hatenablog.jp,1
takemikami.com,1
takeokunn.xyz,1
takeshi.furusato.blog,1
takizawa-robotics.com,1
tana-techlog.net,1
tanishiking24.hatenablog.com,1
tanitta.hatenablog.com,1
taro-masuda.hatenablog.com,1
taroosg.io,1
tasuya.hatenablog.com,1
tatsuya-note.com,1
teamomusoba.hatenablog.com,1
tech-blog.monotaro.com,1
tech-blog.optim.co.jp,1
tech-blog.rakus.co.jp,1
tech-lab.connpass.com,1
tech-note.bikunbikun.com,1
tech.207-inc.com,1
tech.anti-pattern.co.jp,1
tech.askul.co.jp,1
tech.bitbank.cc,1
tech.blog.aerie.jp,1
tech.blog.hisaju.org,1
tech.crassone.jp,1
tech.guitarrapc.com,1
tech.hey.jp,1
tech.macloud.jp,1
tech.mobilefactory.jp,1
tech.robotpayment.co.jp,1
tech.sakih.net,1
tech.smarthr.jp,1
tech.speee.jp,1
tech.tabechoku.com,1
tech.torico-corp.com,1
techblog.ap-com.co.jp,1
techblog.gaudiy.com,1
techblog.roxx.co.jp,1
techblog.tebiki.co.jp,1
techmedia-think.hatenablog.com,1
technow.grayrecord.com,1
techracho.bpsinc.jp,1
ten0313.hateblo.jp,1
test-hack.com,1
text.superbrothers.dev,1
teyoblog.hatenablog.com,1
the-board.jp,1
thinker-masso.hatenablog.com,1
thinksoft.sblo.jp,1
thiry.hatenablog.com,1
tips.hecomi.com,1
tknzk.hateblo.jp,1
tkzwhr.hatenablog.com,1
tm8r.hateblo.jp,1
togetter.com,1
tokuchan3515.hatenablog.com,1
tokuty.hatenablog.com,1
tolarian-academy.net,1
tomato3713.hatenablog.com,1
tombo2.hatenablog.com,1
tomo-wait-for-it-yuki.hatenablog.com,1
tomoima525.hatenablog.com,1
tonono.hatenablog.com,1
tooka-91.hatenablog.com,1
torakitikiddo.blog.fc2.com,1
torikatsu923.hatenablog.com,1
toriten1024.hatenablog.com,1
toshimana.hatenablog.com,1
trsasasusu.com,1
ts223.hatenablog.com,1
tshu1.jp,1
tsuna-can.hateblo.jp,1
tt-conpetitive.hatenablog.com,1
tukaelu.hatenablog.jp,1
tukunen13.hatenablog.jp,1
tune.hatenadiary.jp,1
tyawandanigame009.wixsite.com,1
ubansi.com,1
ueblog.futuresoftware.dev,1
uncaughtexception.hatenablog.com,1
underbirdworks.blogspot.com,1
uneven-akubra-6f5.notion.site,1
unlimited-games.hatenablog.com,1
unrealengine.hatenablog.com,1
usatyo.hatenablog.com,1
ushitora.net,1
utautattaro.blog,1
utokusa.hatenablog.com,1
veniegames.com,1
ver-1-0.net,1
vm.gowatana.jp,1
wakanya.hatenablog.com,1
wakumoku.com,1
walkdd2.blogspot.com,1
welchizm.medium.com,1
withmr.nextscape.net,1
wp.me,1
wtatsuru.hatenadiary.com,1
www.accelia.net,1
www.ais.cmc.osaka-u.ac.jp,1
www.akvabit.jp,1
www.asazutaiga.com,1
www.asj.or.jp,1
www.ason.as,1
www.baka-ke.com,1
www.beeete2.com,1
www.blogaomu.com,1
www.bokukoko.info,1
www.bon10.dev,1
www.case-k.jp,1
www.clear-code.com,1
www.dropbox.com,1
www.drumato.com,1
www.eznavi.net,1
www.fanbox.cc,1
www.figma.com,1
www.getpa.net,1
www.gixo.jp,1
www.google.co.jp,1
www.gorou.style,1
www.granddaifuku.com,1
www.hands-lab.com,1
www.ismhub.com,1
www.kaitoy.xyz,1
www.kaoritter.com,1
www.kbaba1001.com,1
www.kwm.co.jp,1
www.lambdasawa.me,1
www.lifull.blog,1
www.linkedin.com,1
www.mapbox.jp,1
www.mattari-benkyo-note.com,1
www.mazarimono.net,1
www.mb-js.tokyo,1
www.memory-lovers.blog,1
www.midnightunity.net,1
www.miraclelinux.com,1
www.mkbugs.com,1
www.mum-meblog.com,1
www.nakamurakko.com,1
www.nekotricolor.com,1
www.niandc.co.jp,1
www.nowsprinting.com,1
www.obregonia1.com,1
www.openstreetmap.org,1
www.pondfield.com,1
www.rasukarusan.com,1
www.researchgate.net,1
www.ryusou.dev,1
www.sharplab.net,1
www.tatapa.org,1
www.teamxeppet.com,1
www.tech-diningyo.info,1
www.uneidou.com,1
www.valtes-mt.co.jp,1
www.vektor-inc.co.jp,1
www.youtalk.jp,1
www.youtube.com,1
xkenshirou.hatenablog.com,1
xrdnk.hateblo.jp,1
y-mattu.hatenablog.com,1
yamacraft.github.io,1
yanamura.hatenablog.com,1
yandod.github.io,1
yanomy.hatenablog.com,1
yassu.gitlab.io,1
yasu-fms.hatenablog.com,1
yawarakatester.blogspot.com,1
yellowerable.kagome-kagome.com,1
yfurukawa.medium.com,1
ykozw.github.io,1
ymmooot.dev,1
yo-to.hatenablog.com,1
yono.hatenablog.jp,1
yoshikiito.net,1
yoshitake-1201.hatenablog.com,1
yosuke-furukawa.hatenablog.com,1
yu-suzu.site,1
yu1056y.hatenablog.com,1
yuelab82.hatenablog.com,1
yuinopcworkshop.livedoor.blog,1
yukimasablog.com,1
yukki-yuzen666.hatenablog.com,1
yukuro.hatenablog.com,1
yurufuwa-dataanalyst.com,1
yusukebe.com,1
yutailang0119.hatenablog.com,1
yutopp.hateblo.jp,1
yutori-shine.com,1
yyh-gl.github.io,1
yyyank.blogspot.com,1
zoosm3.hatenablog.com,1
zoshigayan.net,1
zuntan02.hateblo.jp,1